Top queries,Clicks,Impressions,CTR,Position
faraid calculator,2225,7543,29.5%,2.38
kalkulator faraid,1343,5059,26.55%,2.58
kiraan faraid,780,2941,26.52%,2.9
calculator faraid,607,1622,37.42%,2.18
faraid calculator malaysia,536,1246,43.02%,2.16
faraid calculator online free,353,914,38.62%,2.25
kira faraid,256,650,39.38%,2.54
pengiraan faraid,226,761,29.7%,2.88
kalkulator faraid malaysia,195,358,54.47%,2.05
faraid kalkulator,184,584,31.51%,2.29
pengiraan faraid calculator,167,366,45.63%,2.07
kiraan faraid calculator online,121,319,37.93%,2.64
faraid calculator apps,119,417,28.54%,3.54
cara pengiraan faraid wang tunai,112,1211,9.25%,1.37
kalkulator pengiraan faraid malaysia,111,270,41.11%,2.04
kiraan faraid harta pusaka,98,260,37.69%,2.57
kira faraid.my,94,110,85.45%,1
kiraan faraid online,88,274,32.12%,2.74
faraid calculator apps free,81,375,21.6%,3.15
faraid calculator malaysia online,81,178,45.51%,1.79
cara kira faraid,75,327,22.94%,1.73
cara kira faraid duit,75,199,37.69%,1.59
faraid calculator online,68,176,38.64%,2.5
cara kiraan faraid,65,241,26.97%,2.02
kira faraid malaysia,64,81,79.01%,1.15
kalkulator pembahagian faraid,61,138,44.2%,2.42
calculator faraid online,59,183,32.24%,2.44
calculator faraid usm,55,253,21.74%,2.68
kirafaraid.my,51,59,86.44%,1
kalkulator faraid online,50,166,30.12%,2.63
kiraan faraid calculator online free,49,111,44.14%,2.33
pengiraan faraid calculator online free,46,133,34.59%,2.14
pengiraan faraid online,44,149,29.53%,3.19
cara kiraan faraid kwsp,43,568,7.57%,2.32
kiraan faraid ibu meninggal,43,161,26.71%,1.81
kirafaraid,42,62,67.74%,2.65
kalkulator faraid usm,41,223,18.39%,2.35
kiraan pembahagian faraid,39,116,33.62%,2.47
kalkulator faraid johor,39,112,34.82%,2.41
calculator faraid selangor,35,149,23.49%,3.24
kalkulator faraid jakim,33,85,38.82%,2.86
faraid calculator mais,29,363,7.99%,5.01
kalkulator faraid calculator online,29,86,33.72%,2.35
kiraan harta faraid,28,64,43.75%,2.61
perkiraan faraid,27,91,29.67%,2.8
cara pengiraan faraid,26,137,18.98%,2.36
kiraan faraid calculator,26,114,22.81%,2.51
cara kiraan faraid duit,26,91,28.57%,1.34
kiraan faraid usm calculator online free download,24,93,25.81%,1.9
kira faraid online,22,68,32.35%,2.71
pengiraan faraid wang tunai,18,73,24.66%,1.53
kalkulator kiraan faraid,18,50,36%,2.48
e faraid calculator,15,96,15.62%,4.26
cara pengiraan faraid harta pusaka,15,82,18.29%,2.1
faraid calculation,14,45,31.11%,2.49
kiraan faraid kalkulator,14,35,40%,2.54
kiraan faraid ayah meninggal,13,77,16.88%,3.83
pengiraan faraid ayah meninggal,13,55,23.64%,2.24
pengiraan harta pusaka,13,53,24.53%,2.49
kiraan faraid bapa meninggal,12,83,14.46%,4.37
faraid usm calculator online free,12,60,20%,1.97
kiraan faraid duit,12,25,48%,2.56
e faraid,11,497,2.21%,4.13
kalkulator faraid harta pusaka,11,76,14.47%,2.39
kiraan harta pusaka,11,37,29.73%,2.41
faraid,10,426,2.35%,13.56
kalkulator faraid mais,10,298,3.36%,5.7
faraid usm,10,200,5%,4.62
contoh pengiraan faraid,10,89,11.24%,4.97
calculator kiraan faraid,10,28,35.71%,2.57
pembahagian faraid,9,598,1.51%,11.51
calculator pembahagian faraid,8,24,33.33%,2.17
faraid malaysia,7,399,1.75%,8.57
kiraan pembahagian harta pusaka,7,19,36.84%,2.84
cara pembahagian faraid,6,299,2.01%,14.87
kalkulator pembahagian harta pusaka,6,17,35.29%,3.12
usm faraid,5,85,5.88%,2.93
faraid online,5,75,6.67%,13.4
pengiraan faraid manual,5,69,7.25%,6.71
contoh kiraan faraid,5,58,8.62%,4.57
kalkulator pusaka,5,31,16.13%,2.84
cara kira pembahagian faraid,5,14,35.71%,2.64
faraid kiraan,4,34,11.76%,3.18
faraid calculator usm,4,26,15.38%,2.77
kalkulator faraid kwsp,4,8,50%,2.38
pembahagian faraid kematian bapa,3,36,8.33%,8.5
kalkulator faraidh,3,26,11.54%,3.85
i faraid,3,22,13.64%,4.05
pengiraan faraid calculator online,3,9,33.33%,2
cara kira faraid kwsp,3,6,50%,2.17
kiraan faraid mais,2,100,2%,3.95
jadual faraid,2,77,2.6%,7.62
pengiraan faraid isteri meninggal,2,73,2.74%,10.97
e-faraid,2,69,2.9%,3.81
mais faraid kalkulator,2,69,2.9%,4.32
ifaraid calculator,2,36,5.56%,7.83
faraid calculator apps free download,2,34,5.88%,6.44
pengiraan faraid usm,2,28,7.14%,3.07
formula pembahagian faraid,2,17,11.76%,3.82
faraid calculator harta pusaka,2,7,28.57%,2.14
kiraan faraid untuk adik beradik,1,325,0.31%,12.74
kiraan faraid anak lelaki,1,102,0.98%,8.76
mais faraid,1,97,1.03%,5.79
formula faraid,1,52,1.92%,4.5
mais kalkulator faraid,1,44,2.27%,5.55
kiraan faraid suami meninggal,1,42,2.38%,11.12
kiraan faraid isteri meninggal,1,42,2.38%,11.24
pengiraan faraid ibu meninggal,1,27,3.7%,1.44
pengiraan faraid suami meninggal,1,26,3.85%,13.35
cara pengiraan faraid suami meninggal,1,22,4.55%,12.09
pembahagian harta pusaka mengikut faraid,1,20,5%,5.9
kiraan faraid jika isteri meninggal,1,20,5%,10.9
cara kira faraid adik beradik,1,18,5.56%,9.44
faraid ayah meninggal,1,17,5.88%,14.24
harta faraid,1,14,7.14%,23.93
ya,1,13,7.69%,3.54
percent faraid,1,4,25%,9
pembahagian faraid kematian isteri,1,4,25%,12.75
senarai waris faraid,1,3,33.33%,15.67
pembahagian faraid anak lelaki,1,2,50%,1
5 juta,1,1,100%,1
carta,1,1,100%,3
kalkulator warisan islam,1,1,100%,6
kira faraid mais,1,1,100%,6
pembahagian harta mengikut faraid,0,277,0%,15.08
faraid harta,0,214,0%,25.26
carta pembahagian faraid,0,187,0%,22.27
carta pembahagian faraid isteri meninggal,0,187,0%,22.44
bahagian harta pusaka mengikut faraid,0,169,0%,32.59
faraid harta pusaka,0,163,0%,28.12
carta pembahagian faraid suami meninggal,0,152,0%,44.32
bahagi harta ikut faraid,0,148,0%,30.45
pembahagian faraid jika ibu meninggal,0,134,0%,36.96
faraid suami meninggal,0,128,0%,41.45
pembahagian harta faraid,0,127,0%,31.2
faraid tanah pusaka,0,122,0%,71
faraid ibu meninggal,0,96,0%,11.25
kiraan faraid anak lelaki dan perempuan,0,56,0%,4.09
faraid mais,0,56,0%,8.59
pecahan faraid,0,37,0%,45.49
nisbah faraid,0,36,0%,3.31
faraid anak lelaki,0,32,0%,13.59
hukum faraid kwsp,0,31,0%,70.94
nisbah faraid anak lelaki dan perempuan,0,30,0%,4.7
kalkulator mais,0,29,0%,6.17
faraid selangor,0,29,0%,7.1
agihan faraid,0,29,0%,60.86
k faraid,0,28,0%,9.29
faraid anak lelaki dan perempuan,0,27,0%,2.89
faraid usm pulau pinang,0,26,0%,7.31
jadual pembahagian faraid,0,26,0%,8.69
faraid bapa meninggal,0,24,0%,10.08
harta faraid ibu meninggal,0,24,0%,10.42
pembahagian faraid kematian ayah,0,21,0%,18.76
kiraan faraid jika suami meninggal,0,16,0%,10.06
bahagian faraid,0,16,0%,16.06
cara pembahagian harta pusaka mengikut faraid,0,15,0%,7
e faraid mais,0,15,0%,11.67
faraidh calculator,0,14,0%,8.14
cara pembahagian harta pusaka,0,14,0%,22.64
mais faraid calculator,0,13,0%,4.85
duit faraid,0,13,0%,7.08
kiraan faraid adik beradik,0,12,0%,7.83
nisbah pembahagian harta pusaka,0,12,0%,9.42
sistem faraid,0,12,0%,13.5
faraid harta ibu,0,11,0%,9.73
faraid harta ibu meninggal,0,11,0%,10.64
pembahagian harta pusaka ayah,0,11,0%,29.73
harta pusaka pasangan,0,11,0%,82.91
k faraid mais,0,9,0%,7.89
harta pusaka faraid,0,9,0%,19.22
faraid harta suami,0,9,0%,26
carta faraid,0,9,0%,36.44
mais calculator,0,8,0%,6.12
faraidh,0,8,0%,28.75
faraid isteri meninggal,0,8,0%,34.25
cara faraid harta ayah,0,7,0%,11.57
faraid kematian suami,0,7,0%,27.14
waris faraid,0,7,0%,27.29
faraid harta pusaka ibu,0,6,0%,3.83
cara kira harta sepencarian,0,6,0%,9.33
pembahagian faraid ibu meninggal,0,6,0%,11.67
pembahagian harta pusaka,0,6,0%,20.17
pembahagian faraid kematian suami,0,6,0%,35.67
faraid pembahagian,0,5,0%,6
myland calculator,0,5,0%,8.8
bahagian faraid ibu,0,5,0%,9.2
faraid bahagian,0,5,0%,9.4
faraid pembahagian harta,0,5,0%,9.6
pembahagian faraid kematian ibu,0,5,0%,10
cara pengiraan harta sepencarian,0,5,0%,11
how to calculate faraid,0,5,0%,11.2
cara pembahagian faraid kwsp,0,5,0%,19.4
faraid jika ibu meninggal,0,4,0%,13.5
faraid myland,0,4,0%,20
hukum faraid,0,4,0%,33
peratus faraid anak lelaki,0,3,0%,2
pengiraan faraid calculator pdf,0,3,0%,4.33
kiraan faraid anak perempuan,0,3,0%,6.67
e-faraid mais,0,3,0%,10
cara faraid,0,3,0%,10.67
faraid harta ayah,0,3,0%,10.67
faraid kematian ibu,0,3,0%,12.33
pembahagian harta pusaka ibu meninggal pdf,0,3,0%,39.33
harta,0,3,0%,60
bahagian anak lelaki faraid,0,2,0%,1
bahagian faraid anak lelaki,0,2,0%,1
bahagian faraid anak lelaki dan perempuan,0,2,0%,1
cara bahagi faraid,0,2,0%,1
faraid pembagian harta waris,0,2,0%,2
pembahagian faraid anak lelaki dan perempuan,0,2,0%,5.5
aplikasi faraid,0,2,0%,6
faraid ibu,0,2,0%,6
efaraid mais,0,2,0%,6.5
pembahagian pusaka faraid,0,2,0%,7
kadar faraid anak lelaki dan perempuan,0,2,0%,8
faraed,0,2,0%,8.5
e faraid selangor,0,2,0%,9.5
cara bahagi harta faraid,0,2,0%,11
pembahagian harta,0,2,0%,23.5
bahagian faraid isteri,0,2,0%,31.5
faraid percentage,0,2,0%,48
susunan waris faraid,0,2,0%,53
hukum faraid kwsp jika suami meninggal,0,2,0%,55.5
4 orang perempuan,0,1,0%,1
80000,0,1,0%,1
contoh pembahagian faraid,0,1,0%,1
faraid itu apa,0,1,0%,1
lagi susah,0,1,0%,1
lgi,0,1,0%,1
25000,0,1,0%,2
35000,0,1,0%,2
bagi contoh,0,1,0%,2
bahagian harta faraid,0,1,0%,2
contoh kiraan,0,1,0%,2
faraid perempuan,0,1,0%,2
kalkulator harta warisan,0,1,0%,2
pembagian harta faraid,0,1,0%,2
yes,0,1,0%,2
apa itu faraid dalam islam,0,1,0%,3
boleh,0,1,0%,3
dlm bm,0,1,0%,3
faraid bila suami meninggal,0,1,0%,3
faraid kematian isteri,0,1,0%,3
maksud faraid,0,1,0%,3
55000,0,1,0%,4
contoh pengiraan,0,1,0%,4
pecahan faraid ayah meninggal,0,1,0%,4
pembahagian harta pusaka dalam islam,0,1,0%,4
faraid dalam islam,0,1,0%,5
waris calculator,0,1,0%,5
iyer,0,1,0%,6
kadar faraid,0,1,0%,8
usm calculator,0,1,0%,8
faraaid,0,1,0%,9
peratus faraid,0,1,0%,9
cara pembagian faraid,0,1,0%,10
harta faraid ayah meninggal,0,1,0%,10
nisbah pembahagian harta mengikut faraid,0,1,0%,10
fara id,0,1,0%,11
faraid chart,0,1,0%,11
faraif,0,1,0%,11
kiraan carta pembahagian faraid isteri meninggal,0,1,0%,11
sistem faraid harta suami,0,1,0%,11
faraid isteri,0,1,0%,12
jumlah faraid,0,1,0%,12
pembagian faraid,0,1,0%,12
cara faraid harta pusaka,0,1,0%,15
faraid isteri meninggal ada anak perempuan,0,1,0%,21
pembahagian faraid kwsp,0,1,0%,25
faraid anak lelaki meninggal,0,1,0%,27
kfaraid,0,1,0%,36
myland faraid,0,1,0%,38
faraid anak perempuan,0,1,0%,39
pembahagian harta pusaka ibu meninggal,0,1,0%,59
rukun faraid,0,1,0%,63
soalan faraid,0,1,0%,74
faraid calculator singapore,0,1,0%,77
kalkulator kwsp,0,1,0%,91
pembahagian harta pusaka adik beradik,0,1,0%,96